run_id,question_id,brain,condition,variant,p_yes,mean_bias,corrected_bias,b0,n_trials,n_zero_spike_trials,left_is_yes
422,2026-gov-ak,n/a,coin,original,0.0,,,,1,0,
211,2026-gov-ak,malecns,er,negation,0.507075,0.463644,-0.01415,0.477795,10,0,0
208,2026-gov-ak,malecns,er,original,0.505748,0.466299,-0.011496,0.477795,10,0,0
215,2026-gov-ak,malecns,er,paraphrase,0.502061,0.473674,-0.004121,0.477795,10,0,0
374,2026-gov-ak,malecns,no_brain,negation,0.498089,0.009089,0.003822,0.005267,1,0,0
373,2026-gov-ak,malecns,no_brain,original,0.497908,0.00945,0.004183,0.005267,1,0,0
375,2026-gov-ak,malecns,no_brain,paraphrase,0.498938,0.00739,0.002123,0.005267,1,0,0
256,2026-gov-ak,malecns,real,negation,0.500636,-0.096472,-0.001272,-0.0952,10,0,0
253,2026-gov-ak,malecns,real,original,0.497411,-0.090022,0.005178,-0.0952,10,0,0
259,2026-gov-ak,malecns,real,paraphrase,0.49797,-0.091141,0.004059,-0.0952,10,0,0
223,2026-gov-ak,malecns,rewired,negation,0.505497,0.06089,-0.010993,0.071883,10,0,0
220,2026-gov-ak,malecns,rewired,original,0.499611,0.07266,0.000778,0.071883,10,0,0
226,2026-gov-ak,malecns,rewired,paraphrase,0.509231,0.053421,-0.018462,0.071883,10,0,0
423,2026-gov-ga,n/a,coin,original,0.0,,,,1,0,
221,2026-gov-ga,malecns,er,negation,0.413263,0.30432,-0.173475,0.477795,10,0,1
218,2026-gov-ga,malecns,er,original,0.393851,0.265497,-0.212298,0.477795,10,0,1
224,2026-gov-ga,malecns,er,paraphrase,0.413818,0.30543,-0.172364,0.477795,10,0,1
377,2026-gov-ga,malecns,no_brain,negation,0.506803,0.018874,0.013607,0.005267,1,0,1
376,2026-gov-ga,malecns,no_brain,original,0.506833,0.018933,0.013666,0.005267,1,0,1
378,2026-gov-ga,malecns,no_brain,paraphrase,0.507468,0.020203,0.014936,0.005267,1,0,1
265,2026-gov-ga,malecns,real,negation,0.503431,-0.088337,0.006862,-0.0952,10,0,1
262,2026-gov-ga,malecns,real,original,0.504259,-0.086683,0.008517,-0.0952,10,0,1
268,2026-gov-ga,malecns,real,paraphrase,0.504684,-0.085832,0.009368,-0.0952,10,0,1
231,2026-gov-ga,malecns,rewired,negation,0.490491,0.052864,-0.019019,0.071883,10,0,1
229,2026-gov-ga,malecns,rewired,original,0.502443,0.076769,0.004886,0.071883,10,0,1
234,2026-gov-ga,malecns,rewired,paraphrase,0.49585,0.063582,-0.008301,0.071883,10,0,1
424,2026-gov-ia,n/a,coin,original,0.0,,,,1,0,
230,2026-gov-ia,malecns,er,negation,0.453346,0.384487,-0.093307,0.477795,10,0,1
227,2026-gov-ia,malecns,er,original,0.439513,0.356822,-0.120973,0.477795,10,0,1
233,2026-gov-ia,malecns,er,paraphrase,0.448515,0.374825,-0.10297,0.477795,10,0,1
380,2026-gov-ia,malecns,no_brain,negation,0.503845,0.012958,0.007691,0.005267,1,0,1
379,2026-gov-ia,malecns,no_brain,original,0.503744,0.012754,0.007487,0.005267,1,0,1
381,2026-gov-ia,malecns,no_brain,paraphrase,0.50338,0.012026,0.00676,0.005267,1,0,1
274,2026-gov-ia,malecns,real,negation,0.502224,-0.090752,0.004448,-0.0952,10,0,1
271,2026-gov-ia,malecns,real,original,0.505349,-0.084503,0.010697,-0.0952,10,0,1
277,2026-gov-ia,malecns,real,paraphrase,0.50316,-0.08888,0.00632,-0.0952,10,0,1
240,2026-gov-ia,malecns,rewired,negation,0.509361,0.090605,0.018722,0.071883,10,0,1
237,2026-gov-ia,malecns,rewired,original,0.515704,0.10329,0.031407,0.071883,10,0,1
243,2026-gov-ia,malecns,rewired,paraphrase,0.496348,0.064579,-0.007304,0.071883,10,0,1
425,2026-gov-ks,n/a,coin,original,1.0,,,,1,0,
239,2026-gov-ks,malecns,er,negation,0.483647,0.445089,-0.032706,0.477795,10,0,1
236,2026-gov-ks,malecns,er,original,0.458904,0.395602,-0.082193,0.477795,10,0,1
242,2026-gov-ks,malecns,er,paraphrase,0.476609,0.431013,-0.046782,0.477795,10,0,1
383,2026-gov-ks,malecns,no_brain,negation,0.500812,0.00689,0.001624,0.005267,1,0,1
382,2026-gov-ks,malecns,no_brain,original,0.501722,0.00871,0.003444,0.005267,1,0,1
384,2026-gov-ks,malecns,no_brain,paraphrase,0.501412,0.00809,0.002824,0.005267,1,0,1
283,2026-gov-ks,malecns,real,negation,0.499025,-0.097151,-0.001951,-0.0952,10,0,1
281,2026-gov-ks,malecns,real,original,0.502975,-0.089249,0.005951,-0.0952,10,0,1
285,2026-gov-ks,malecns,real,paraphrase,0.501964,-0.091272,0.003928,-0.0952,10,0,1
249,2026-gov-ks,malecns,rewired,negation,0.500466,0.072815,0.000932,0.071883,10,0,1
246,2026-gov-ks,malecns,rewired,original,0.508269,0.088421,0.016538,0.071883,10,0,1
252,2026-gov-ks,malecns,rewired,paraphrase,0.498471,0.068826,-0.003057,0.071883,10,0,1
426,2026-gov-mi,n/a,coin,original,0.0,,,,1,0,
248,2026-gov-mi,malecns,er,negation,0.499049,0.475893,-0.001901,0.477795,10,0,1
245,2026-gov-mi,malecns,er,original,0.494206,0.466207,-0.011587,0.477795,10,0,1
251,2026-gov-mi,malecns,er,paraphrase,0.488854,0.455503,-0.022291,0.477795,10,0,1
386,2026-gov-mi,malecns,no_brain,negation,0.501053,0.007372,0.002105,0.005267,1,0,1
385,2026-gov-mi,malecns,no_brain,original,0.500917,0.007101,0.001835,0.005267,1,0,1
387,2026-gov-mi,malecns,no_brain,paraphrase,0.500804,0.006875,0.001609,0.005267,1,0,1
287,2026-gov-mi,malecns,real,negation,0.501918,-0.091364,0.003836,-0.0952,10,0,1
286,2026-gov-mi,malecns,real,original,0.500586,-0.094028,0.001172,-0.0952,10,0,1
288,2026-gov-mi,malecns,real,paraphrase,0.500211,-0.094777,0.000423,-0.0952,10,0,1
257,2026-gov-mi,malecns,rewired,negation,0.497925,0.067732,-0.004151,0.071883,10,0,1
254,2026-gov-mi,malecns,rewired,original,0.500781,0.073445,0.001563,0.071883,10,0,1
260,2026-gov-mi,malecns,rewired,paraphrase,0.498912,0.069706,-0.002177,0.071883,10,0,1
427,2026-gov-nv,n/a,coin,original,0.0,,,,1,0,
258,2026-gov-nv,malecns,er,negation,0.482285,0.442365,-0.03543,0.477795,10,0,1
255,2026-gov-nv,malecns,er,original,0.465838,0.40947,-0.068325,0.477795,10,0,1
261,2026-gov-nv,malecns,er,paraphrase,0.485541,0.448877,-0.028918,0.477795,10,0,1
389,2026-gov-nv,malecns,no_brain,negation,0.507931,0.021128,0.015861,0.005267,1,0,1
388,2026-gov-nv,malecns,no_brain,original,0.507698,0.020663,0.015396,0.005267,1,0,1
390,2026-gov-nv,malecns,no_brain,paraphrase,0.507681,0.020629,0.015363,0.005267,1,0,1
290,2026-gov-nv,malecns,real,negation,0.503247,-0.088706,0.006494,-0.0952,10,0,1
289,2026-gov-nv,malecns,real,original,0.498157,-0.098885,-0.003685,-0.0952,10,0,1
291,2026-gov-nv,malecns,real,paraphrase,0.496813,-0.101575,-0.006375,-0.0952,10,0,1
266,2026-gov-nv,malecns,rewired,negation,0.506479,0.08484,0.012957,0.071883,10,0,1
263,2026-gov-nv,malecns,rewired,original,0.506492,0.084867,0.012984,0.071883,10,0,1
269,2026-gov-nv,malecns,rewired,paraphrase,0.505428,0.082738,0.010855,0.071883,10,0,1
428,2026-gov-oh,n/a,coin,original,0.0,,,,1,0,
267,2026-gov-oh,malecns,er,negation,0.530283,0.41723,-0.060565,0.477795,10,0,0
264,2026-gov-oh,malecns,er,original,0.54513,0.387536,-0.090259,0.477795,10,0,0
270,2026-gov-oh,malecns,er,paraphrase,0.530846,0.416103,-0.061692,0.477795,10,0,0
392,2026-gov-oh,malecns,no_brain,negation,0.49482,0.015627,0.010361,0.005267,1,0,0
391,2026-gov-oh,malecns,no_brain,original,0.494657,0.015953,0.010687,0.005267,1,0,0
393,2026-gov-oh,malecns,no_brain,paraphrase,0.495562,0.014142,0.008876,0.005267,1,0,0
293,2026-gov-oh,malecns,real,negation,0.501155,-0.09751,-0.00231,-0.0952,10,0,0
292,2026-gov-oh,malecns,real,original,0.501693,-0.098587,-0.003387,-0.0952,10,0,0
294,2026-gov-oh,malecns,real,paraphrase,0.498396,-0.091992,0.003208,-0.0952,10,0,0
275,2026-gov-oh,malecns,rewired,negation,0.512232,0.047419,-0.024464,0.071883,10,0,0
272,2026-gov-oh,malecns,rewired,original,0.507014,0.057854,-0.014029,0.071883,10,0,0
278,2026-gov-oh,malecns,rewired,paraphrase,0.510384,0.051115,-0.020768,0.071883,10,0,0
429,2026-gov-wi,n/a,coin,original,1.0,,,,1,0,
276,2026-gov-wi,malecns,er,negation,0.498097,0.481601,0.003806,0.477795,10,0,0
273,2026-gov-wi,malecns,er,original,0.500136,0.477522,-0.000273,0.477795,10,0,0
279,2026-gov-wi,malecns,er,paraphrase,0.500987,0.475822,-0.001973,0.477795,10,0,0
395,2026-gov-wi,malecns,no_brain,negation,0.507098,-0.00893,-0.014197,0.005267,1,0,0
394,2026-gov-wi,malecns,no_brain,original,0.507583,-0.009898,-0.015165,0.005267,1,0,0
396,2026-gov-wi,malecns,no_brain,paraphrase,0.506264,-0.007261,-0.012528,0.005267,1,0,0
296,2026-gov-wi,malecns,real,negation,0.499632,-0.094463,0.000736,-0.0952,10,0,0
295,2026-gov-wi,malecns,real,original,0.499784,-0.094767,0.000433,-0.0952,10,0,0
297,2026-gov-wi,malecns,real,paraphrase,0.499208,-0.093616,0.001583,-0.0952,10,0,0
282,2026-gov-wi,malecns,rewired,negation,0.497244,0.077395,0.005512,0.071883,10,0,0
280,2026-gov-wi,malecns,rewired,original,0.491709,0.088465,0.016582,0.071883,10,0,0
284,2026-gov-wi,malecns,rewired,paraphrase,0.501118,0.069648,-0.002235,0.071883,10,0,0
411,2026-house-az-1,n/a,coin,original,1.0,,,,1,0,
113,2026-house-az-1,malecns,er,negation,0.566944,0.343907,-0.133888,0.477795,10,0,0
110,2026-house-az-1,malecns,er,original,0.574824,0.328146,-0.149648,0.477795,10,0,0
116,2026-house-az-1,malecns,er,paraphrase,0.572623,0.332549,-0.145246,0.477795,10,0,0
341,2026-house-az-1,malecns,no_brain,negation,0.505325,-0.005384,-0.010651,0.005267,1,0,0
340,2026-house-az-1,malecns,no_brain,original,0.505141,-0.005015,-0.010282,0.005267,1,0,0
342,2026-house-az-1,malecns,no_brain,paraphrase,0.504289,-0.003311,-0.008578,0.005267,1,0,0
157,2026-house-az-1,malecns,real,negation,0.501051,-0.097302,-0.002102,-0.0952,10,0,0
154,2026-house-az-1,malecns,real,original,0.495931,-0.087062,0.008138,-0.0952,10,0,0
160,2026-house-az-1,malecns,real,paraphrase,0.498718,-0.092636,0.002564,-0.0952,10,0,0
124,2026-house-az-1,malecns,rewired,negation,0.503902,0.064078,-0.007805,0.071883,10,0,0
121,2026-house-az-1,malecns,rewired,original,0.501955,0.067973,-0.003909,0.071883,10,0,0
127,2026-house-az-1,malecns,rewired,paraphrase,0.505448,0.060987,-0.010896,0.071883,10,0,0
412,2026-house-co-8,n/a,coin,original,0.0,,,,1,0,
122,2026-house-co-8,malecns,er,negation,0.543207,0.391382,-0.086413,0.477795,10,0,0
119,2026-house-co-8,malecns,er,original,0.565389,0.347016,-0.130779,0.477795,10,0,0
125,2026-house-co-8,malecns,er,paraphrase,0.542095,0.393605,-0.08419,0.477795,10,0,0
344,2026-house-co-8,malecns,no_brain,negation,0.498112,0.009042,0.003775,0.005267,1,0,0
343,2026-house-co-8,malecns,no_brain,original,0.499738,0.005792,0.000525,0.005267,1,0,0
345,2026-house-co-8,malecns,no_brain,paraphrase,0.497914,0.009438,0.004171,0.005267,1,0,0
166,2026-house-co-8,malecns,real,negation,0.501924,-0.099048,-0.003848,-0.0952,10,0,0
163,2026-house-co-8,malecns,real,original,0.500095,-0.09539,-0.00019,-0.0952,10,0,0
169,2026-house-co-8,malecns,real,paraphrase,0.49681,-0.088819,0.006381,-0.0952,10,0,0
134,2026-house-co-8,malecns,rewired,negation,0.485126,0.101632,0.029749,0.071883,10,0,0
131,2026-house-co-8,malecns,rewired,original,0.485362,0.101158,0.029276,0.071883,10,0,0
137,2026-house-co-8,malecns,rewired,paraphrase,0.486832,0.098219,0.026336,0.071883,10,0,0
398,2026-house-control,n/a,coin,original,0.0,,,,1,0,
8,2026-house-control,malecns,er,negation,0.447379,0.372553,-0.105242,0.477795,10,0,1
6,2026-house-control,malecns,er,original,0.461175,0.400146,-0.077649,0.477795,10,0,1
10,2026-house-control,malecns,er,paraphrase,0.476357,0.430508,-0.047287,0.477795,10,0,1
302,2026-house-control,malecns,no_brain,negation,0.497698,0.000662,-0.004605,0.005267,1,0,1
301,2026-house-control,malecns,no_brain,original,0.495964,-0.002806,-0.008072,0.005267,1,0,1
303,2026-house-control,malecns,no_brain,paraphrase,0.495395,-0.003943,-0.009209,0.005267,1,0,1
29,2026-house-control,malecns,real,negation,0.498092,-0.099015,-0.003815,-0.0952,10,0,1
26,2026-house-control,malecns,real,original,0.500995,-0.093209,0.001991,-0.0952,10,0,1
32,2026-house-control,malecns,real,paraphrase,0.501062,-0.093076,0.002124,-0.0952,10,0,1
11,2026-house-control,malecns,rewired,negation,0.500236,0.072355,0.000472,0.071883,10,0,1
9,2026-house-control,malecns,rewired,original,0.510688,0.093258,0.021375,0.071883,10,0,1
13,2026-house-control,malecns,rewired,paraphrase,0.497613,0.067108,-0.004775,0.071883,10,0,1
413,2026-house-fl-14,n/a,coin,original,1.0,,,,1,0,
130,2026-house-fl-14,malecns,er,negation,0.543724,0.390347,-0.087448,0.477795,10,0,0
128,2026-house-fl-14,malecns,er,original,0.553204,0.371386,-0.106409,0.477795,10,0,0
133,2026-house-fl-14,malecns,er,paraphrase,0.560977,0.355841,-0.121954,0.477795,10,0,0
347,2026-house-fl-14,malecns,no_brain,negation,0.501367,0.002532,-0.002734,0.005267,1,0,0
346,2026-house-fl-14,malecns,no_brain,original,0.501237,0.002792,-0.002475,0.005267,1,0,0
348,2026-house-fl-14,malecns,no_brain,paraphrase,0.500179,0.00491,-0.000357,0.005267,1,0,0
175,2026-house-fl-14,malecns,real,negation,0.495823,-0.086846,0.008354,-0.0952,10,0,0
172,2026-house-fl-14,malecns,real,original,0.497216,-0.089632,0.005568,-0.0952,10,0,0
178,2026-house-fl-14,malecns,real,paraphrase,0.495973,-0.087146,0.008054,-0.0952,10,0,0
143,2026-house-fl-14,malecns,rewired,negation,0.499964,0.071955,7.2e-05,0.071883,10,0,0
140,2026-house-fl-14,malecns,rewired,original,0.49256,0.086763,0.01488,0.071883,10,0,0
146,2026-house-fl-14,malecns,rewired,paraphrase,0.502389,0.067105,-0.004778,0.071883,10,0,0
414,2026-house-fl-25,n/a,coin,original,1.0,,,,1,0,
138,2026-house-fl-25,malecns,er,negation,0.561322,0.35515,-0.122644,0.477795,10,0,0
136,2026-house-fl-25,malecns,er,original,0.55335,0.371096,-0.106699,0.477795,10,0,0
141,2026-house-fl-25,malecns,er,paraphrase,0.562284,0.353228,-0.124567,0.477795,10,0,0
350,2026-house-fl-25,malecns,no_brain,negation,0.501326,0.002615,-0.002652,0.005267,1,0,0
349,2026-house-fl-25,malecns,no_brain,original,0.500862,0.003543,-0.001723,0.005267,1,0,0
351,2026-house-fl-25,malecns,no_brain,paraphrase,0.501035,0.003196,-0.00207,0.005267,1,0,0
183,2026-house-fl-25,malecns,real,negation,0.496807,-0.088815,0.006385,-0.0952,10,0,0
181,2026-house-fl-25,malecns,real,original,0.498129,-0.091458,0.003742,-0.0952,10,0,0
186,2026-house-fl-25,malecns,real,paraphrase,0.500584,-0.096368,-0.001168,-0.0952,10,0,0
152,2026-house-fl-25,malecns,rewired,negation,0.494244,0.083395,0.011512,0.071883,10,0,0
149,2026-house-fl-25,malecns,rewired,original,0.489237,0.093409,0.021527,0.071883,10,0,0
155,2026-house-fl-25,malecns,rewired,paraphrase,0.496591,0.0787,0.006817,0.071883,10,0,0
415,2026-house-ia-1,n/a,coin,original,0.0,,,,1,0,
147,2026-house-ia-1,malecns,er,negation,0.54078,0.396236,-0.081559,0.477795,10,0,0
144,2026-house-ia-1,malecns,er,original,0.557464,0.362866,-0.114929,0.477795,10,0,0
150,2026-house-ia-1,malecns,er,paraphrase,0.559133,0.359528,-0.118267,0.477795,10,0,0
353,2026-house-ia-1,malecns,no_brain,negation,0.501777,0.001713,-0.003554,0.005267,1,0,0
352,2026-house-ia-1,malecns,no_brain,original,0.501963,0.001341,-0.003925,0.005267,1,0,0
354,2026-house-ia-1,malecns,no_brain,paraphrase,0.50231,0.000647,-0.00462,0.005267,1,0,0
192,2026-house-ia-1,malecns,real,negation,0.496701,-0.088602,0.006598,-0.0952,10,0,0
189,2026-house-ia-1,malecns,real,original,0.495254,-0.085708,0.009492,-0.0952,10,0,0
195,2026-house-ia-1,malecns,real,paraphrase,0.499538,-0.094276,0.000924,-0.0952,10,0,0
161,2026-house-ia-1,malecns,rewired,negation,0.493442,0.084999,0.013116,0.071883,10,0,0
158,2026-house-ia-1,malecns,rewired,original,0.49403,0.083823,0.01194,0.071883,10,0,0
164,2026-house-ia-1,malecns,rewired,paraphrase,0.492862,0.08616,0.014277,0.071883,10,0,0
416,2026-house-mi-10,n/a,coin,original,0.0,,,,1,0,
156,2026-house-mi-10,malecns,er,negation,0.522132,0.43353,-0.044265,0.477795,10,0,0
153,2026-house-mi-10,malecns,er,original,0.529047,0.4197,-0.058095,0.477795,10,0,0
159,2026-house-mi-10,malecns,er,paraphrase,0.519531,0.438733,-0.039062,0.477795,10,0,0
356,2026-house-mi-10,malecns,no_brain,negation,0.499518,0.006231,0.000964,0.005267,1,0,0
355,2026-house-mi-10,malecns,no_brain,original,0.501428,0.00241,-0.002856,0.005267,1,0,0
357,2026-house-mi-10,malecns,no_brain,paraphrase,0.499647,0.005973,0.000706,0.005267,1,0,0
201,2026-house-mi-10,malecns,real,negation,0.495077,-0.085355,0.009845,-0.0952,10,0,0
198,2026-house-mi-10,malecns,real,original,0.498706,-0.092612,0.002588,-0.0952,10,0,0
204,2026-house-mi-10,malecns,real,paraphrase,0.4973,-0.0898,0.0054,-0.0952,10,0,0
170,2026-house-mi-10,malecns,rewired,negation,0.50859,0.054703,-0.01718,0.071883,10,0,0
167,2026-house-mi-10,malecns,rewired,original,0.502498,0.066888,-0.004995,0.071883,10,0,0
173,2026-house-mi-10,malecns,rewired,paraphrase,0.508496,0.054891,-0.016992,0.071883,10,0,0
417,2026-house-ny-17,n/a,coin,original,1.0,,,,1,0,
165,2026-house-ny-17,malecns,er,negation,0.464131,0.406057,-0.071738,0.477795,10,0,1
162,2026-house-ny-17,malecns,er,original,0.455269,0.388332,-0.089463,0.477795,10,0,1
168,2026-house-ny-17,malecns,er,paraphrase,0.467033,0.411862,-0.065933,0.477795,10,0,1
359,2026-house-ny-17,malecns,no_brain,negation,0.495002,-0.004729,-0.009996,0.005267,1,0,1
358,2026-house-ny-17,malecns,no_brain,original,0.493638,-0.007457,-0.012724,0.005267,1,0,1
360,2026-house-ny-17,malecns,no_brain,paraphrase,0.495055,-0.004623,-0.00989,0.005267,1,0,1
210,2026-house-ny-17,malecns,real,negation,0.496165,-0.102871,-0.007671,-0.0952,10,0,1
207,2026-house-ny-17,malecns,real,original,0.497971,-0.099258,-0.004058,-0.0952,10,0,1
213,2026-house-ny-17,malecns,real,paraphrase,0.500211,-0.094779,0.000421,-0.0952,10,0,1
179,2026-house-ny-17,malecns,rewired,negation,0.504564,0.081011,0.009128,0.071883,10,0,1
176,2026-house-ny-17,malecns,rewired,original,0.513449,0.098781,0.026898,0.071883,10,0,1
182,2026-house-ny-17,malecns,rewired,paraphrase,0.513926,0.099735,0.027852,0.071883,10,0,1
418,2026-house-oh-9,n/a,coin,original,0.0,,,,1,0,
174,2026-house-oh-9,malecns,er,negation,0.44397,0.365736,-0.112059,0.477795,10,0,1
171,2026-house-oh-9,malecns,er,original,0.438791,0.355378,-0.122417,0.477795,10,0,1
177,2026-house-oh-9,malecns,er,paraphrase,0.438917,0.355628,-0.122167,0.477795,10,0,1
362,2026-house-oh-9,malecns,no_brain,negation,0.49795,0.001167,-0.0041,0.005267,1,0,1
361,2026-house-oh-9,malecns,no_brain,original,0.497603,0.000473,-0.004794,0.005267,1,0,1
363,2026-house-oh-9,malecns,no_brain,paraphrase,0.498465,0.002197,-0.00307,0.005267,1,0,1
219,2026-house-oh-9,malecns,real,negation,0.498033,-0.099134,-0.003934,-0.0952,10,0,1
216,2026-house-oh-9,malecns,real,original,0.501417,-0.092365,0.002835,-0.0952,10,0,1
222,2026-house-oh-9,malecns,real,paraphrase,0.499438,-0.096323,-0.001123,-0.0952,10,0,1
188,2026-house-oh-9,malecns,rewired,negation,0.507165,0.086213,0.014331,0.071883,10,0,1
185,2026-house-oh-9,malecns,rewired,original,0.512063,0.09601,0.024127,0.071883,10,0,1
191,2026-house-oh-9,malecns,rewired,paraphrase,0.508013,0.087909,0.016026,0.071883,10,0,1
419,2026-house-pa-7,n/a,coin,original,1.0,,,,1,0,
184,2026-house-pa-7,malecns,er,negation,0.528623,0.420549,-0.057246,0.477795,10,0,0
180,2026-house-pa-7,malecns,er,original,0.519033,0.439729,-0.038066,0.477795,10,0,0
187,2026-house-pa-7,malecns,er,paraphrase,0.516882,0.444031,-0.033764,0.477795,10,0,0
365,2026-house-pa-7,malecns,no_brain,negation,0.501613,0.00204,-0.003226,0.005267,1,0,0
364,2026-house-pa-7,malecns,no_brain,original,0.501995,0.001276,-0.003991,0.005267,1,0,0
366,2026-house-pa-7,malecns,no_brain,paraphrase,0.501148,0.002971,-0.002296,0.005267,1,0,0
228,2026-house-pa-7,malecns,real,negation,0.502022,-0.099243,-0.004043,-0.0952,10,0,0
225,2026-house-pa-7,malecns,real,original,0.502296,-0.099792,-0.004592,-0.0952,10,0,0
232,2026-house-pa-7,malecns,real,paraphrase,0.498937,-0.093075,0.002125,-0.0952,10,0,0
197,2026-house-pa-7,malecns,rewired,negation,0.493367,0.085148,0.013266,0.071883,10,0,0
194,2026-house-pa-7,malecns,rewired,original,0.484594,0.102694,0.030812,0.071883,10,0,0
200,2026-house-pa-7,malecns,rewired,paraphrase,0.488837,0.094208,0.022326,0.071883,10,0,0
420,2026-house-tx-34,n/a,coin,original,1.0,,,,1,0,
193,2026-house-tx-34,malecns,er,negation,0.585891,0.306013,-0.171782,0.477795,10,0,0
190,2026-house-tx-34,malecns,er,original,0.614063,0.249668,-0.228127,0.477795,10,0,0
196,2026-house-tx-34,malecns,er,paraphrase,0.602072,0.273652,-0.204143,0.477795,10,0,0
368,2026-house-tx-34,malecns,no_brain,negation,0.495465,0.014336,0.009069,0.005267,1,0,0
367,2026-house-tx-34,malecns,no_brain,original,0.49574,0.013788,0.008521,0.005267,1,0,0
369,2026-house-tx-34,malecns,no_brain,paraphrase,0.495436,0.014395,0.009128,0.005267,1,0,0
238,2026-house-tx-34,malecns,real,negation,0.505105,-0.10541,-0.01021,-0.0952,10,0,0
235,2026-house-tx-34,malecns,real,original,0.502812,-0.100825,-0.005625,-0.0952,10,0,0
241,2026-house-tx-34,malecns,real,paraphrase,0.496714,-0.088627,0.006573,-0.0952,10,0,0
206,2026-house-tx-34,malecns,rewired,negation,0.487677,0.096529,0.024646,0.071883,10,0,0
203,2026-house-tx-34,malecns,rewired,original,0.480105,0.111674,0.039791,0.071883,10,0,0
209,2026-house-tx-34,malecns,rewired,paraphrase,0.483425,0.105033,0.03315,0.071883,10,0,0
421,2026-house-wa-3,n/a,coin,original,1.0,,,,1,0,
202,2026-house-wa-3,malecns,er,negation,0.453481,0.384756,-0.093038,0.477795,10,0,1
199,2026-house-wa-3,malecns,er,original,0.446247,0.37029,-0.107505,0.477795,10,0,1
205,2026-house-wa-3,malecns,er,paraphrase,0.452565,0.382925,-0.09487,0.477795,10,0,1
371,2026-house-wa-3,malecns,no_brain,negation,0.501441,0.008148,0.002881,0.005267,1,0,1
370,2026-house-wa-3,malecns,no_brain,original,0.501363,0.007993,0.002726,0.005267,1,0,1
372,2026-house-wa-3,malecns,no_brain,paraphrase,0.501941,0.009149,0.003882,0.005267,1,0,1
247,2026-house-wa-3,malecns,real,negation,0.497139,-0.100923,-0.005723,-0.0952,10,0,1
244,2026-house-wa-3,malecns,real,original,0.502493,-0.090215,0.004985,-0.0952,10,0,1
250,2026-house-wa-3,malecns,real,paraphrase,0.501611,-0.091979,0.003221,-0.0952,10,0,1
214,2026-house-wa-3,malecns,rewired,negation,0.505648,0.083179,0.011296,0.071883,10,0,1
212,2026-house-wa-3,malecns,rewired,original,0.506918,0.085719,0.013836,0.071883,10,0,1
217,2026-house-wa-3,malecns,rewired,paraphrase,0.50537,0.082624,0.010741,0.071883,10,0,1
399,2026-senate-ak,n/a,coin,original,1.0,,,,1,0,
14,2026-senate-ak,malecns,er,negation,0.495244,0.487306,0.009511,0.477795,10,0,0
12,2026-senate-ak,malecns,er,original,0.49445,0.488896,0.011101,0.477795,10,0,0
17,2026-senate-ak,malecns,er,paraphrase,0.494653,0.488489,0.010694,0.477795,10,0,0
305,2026-senate-ak,malecns,no_brain,negation,0.492296,0.020674,0.015408,0.005267,1,0,0
304,2026-senate-ak,malecns,no_brain,original,0.492903,0.01946,0.014193,0.005267,1,0,0
306,2026-senate-ak,malecns,no_brain,paraphrase,0.494227,0.016813,0.011547,0.005267,1,0,0
40,2026-senate-ak,malecns,real,negation,0.500705,-0.09661,-0.00141,-0.0952,10,0,0
36,2026-senate-ak,malecns,real,original,0.500293,-0.095785,-0.000585,-0.0952,10,0,0
43,2026-senate-ak,malecns,real,paraphrase,0.501484,-0.098169,-0.002969,-0.0952,10,0,0
19,2026-senate-ak,malecns,rewired,negation,0.495609,0.080665,0.008783,0.071883,10,0,0
16,2026-senate-ak,malecns,rewired,original,0.495314,0.081254,0.009372,0.071883,10,0,0
22,2026-senate-ak,malecns,rewired,paraphrase,0.496071,0.079741,0.007858,0.071883,10,0,0
397,2026-senate-control,n/a,coin,original,1.0,,,,1,0,
2,2026-senate-control,malecns,er,negation,0.432412,0.342619,-0.135176,0.477795,10,0,1
1,2026-senate-control,malecns,er,original,0.421075,0.319945,-0.15785,0.477795,10,0,1
4,2026-senate-control,malecns,er,paraphrase,0.446302,0.370399,-0.107396,0.477795,10,0,1
299,2026-senate-control,malecns,no_brain,negation,0.49651,-0.001713,-0.00698,0.005267,1,0,1
298,2026-senate-control,malecns,no_brain,original,0.495257,-0.00422,-0.009487,0.005267,1,0,1
300,2026-senate-control,malecns,no_brain,paraphrase,0.494959,-0.004814,-0.010081,0.005267,1,0,1
18,2026-senate-control,malecns,real,negation,0.497199,-0.100802,-0.005602,-0.0952,10,0,1
15,2026-senate-control,malecns,real,original,0.499141,-0.096918,-0.001718,-0.0952,10,0,1
21,2026-senate-control,malecns,real,paraphrase,0.500913,-0.093374,0.001826,-0.0952,10,0,1
5,2026-senate-control,malecns,rewired,negation,0.506944,0.085771,0.013889,0.071883,10,0,1
3,2026-senate-control,malecns,rewired,original,0.509906,0.091694,0.019812,0.071883,10,0,1
7,2026-senate-control,malecns,rewired,paraphrase,0.508729,0.08934,0.017458,0.071883,10,0,1
408,2026-senate-fl,n/a,coin,original,1.0,,,,1,0,
87,2026-senate-fl,malecns,er,negation,0.462606,0.403007,-0.074787,0.477795,10,0,1
84,2026-senate-fl,malecns,er,original,0.45964,0.397074,-0.080721,0.477795,10,0,1
90,2026-senate-fl,malecns,er,paraphrase,0.470792,0.419379,-0.058416,0.477795,10,0,1
332,2026-senate-fl,malecns,no_brain,negation,0.499103,0.003472,-0.001794,0.005267,1,0,1
331,2026-senate-fl,malecns,no_brain,original,0.498311,0.001889,-0.003377,0.005267,1,0,1
333,2026-senate-fl,malecns,no_brain,paraphrase,0.497027,-0.000679,-0.005946,0.005267,1,0,1
129,2026-senate-fl,malecns,real,negation,0.496026,-0.103147,-0.007947,-0.0952,10,0,1
126,2026-senate-fl,malecns,real,original,0.499018,-0.097164,-0.001964,-0.0952,10,0,1
132,2026-senate-fl,malecns,real,paraphrase,0.501639,-0.091921,0.003279,-0.0952,10,0,1
97,2026-senate-fl,malecns,rewired,negation,0.491017,0.053916,-0.017967,0.071883,10,0,1
94,2026-senate-fl,malecns,rewired,original,0.505141,0.082166,0.010283,0.071883,10,0,1
100,2026-senate-fl,malecns,rewired,paraphrase,0.494272,0.060428,-0.011455,0.071883,10,0,1
400,2026-senate-ga,n/a,coin,original,1.0,,,,1,0,
23,2026-senate-ga,malecns,er,negation,0.5915,0.294794,-0.183001,0.477795,10,0,0
20,2026-senate-ga,malecns,er,original,0.591768,0.29426,-0.183535,0.477795,10,0,0
24,2026-senate-ga,malecns,er,paraphrase,0.605193,0.267409,-0.210385,0.477795,10,0,0
308,2026-senate-ga,malecns,no_brain,negation,0.508086,-0.010906,-0.016173,0.005267,1,0,0
307,2026-senate-ga,malecns,no_brain,original,0.508249,-0.011232,-0.016498,0.005267,1,0,0
309,2026-senate-ga,malecns,no_brain,paraphrase,0.508023,-0.01078,-0.016046,0.005267,1,0,0
50,2026-senate-ga,malecns,real,negation,0.497192,-0.089585,0.005615,-0.0952,10,0,0
46,2026-senate-ga,malecns,real,original,0.500455,-0.09611,-0.00091,-0.0952,10,0,0
53,2026-senate-ga,malecns,real,paraphrase,0.497068,-0.089336,0.005864,-0.0952,10,0,0
28,2026-senate-ga,malecns,rewired,negation,0.507736,0.05641,-0.015473,0.071883,10,0,0
25,2026-senate-ga,malecns,rewired,original,0.507818,0.056248,-0.015635,0.071883,10,0,0
31,2026-senate-ga,malecns,rewired,paraphrase,0.513394,0.045095,-0.026788,0.071883,10,0,0
401,2026-senate-ia,n/a,coin,original,1.0,,,,1,0,
30,2026-senate-ia,malecns,er,negation,0.43776,0.353314,-0.124481,0.477795,10,0,1
27,2026-senate-ia,malecns,er,original,0.422944,0.323682,-0.154112,0.477795,10,0,1
33,2026-senate-ia,malecns,er,paraphrase,0.437294,0.352384,-0.125411,0.477795,10,0,1
311,2026-senate-ia,malecns,no_brain,negation,0.497925,0.001116,-0.00415,0.005267,1,0,1
310,2026-senate-ia,malecns,no_brain,original,0.497721,0.000709,-0.004558,0.005267,1,0,1
312,2026-senate-ia,malecns,no_brain,paraphrase,0.496966,-0.000802,-0.006069,0.005267,1,0,1
61,2026-senate-ia,malecns,real,negation,0.499325,-0.096551,-0.001351,-0.0952,10,0,1
57,2026-senate-ia,malecns,real,original,0.500779,-0.093642,0.001558,-0.0952,10,0,1
64,2026-senate-ia,malecns,real,paraphrase,0.500717,-0.093767,0.001433,-0.0952,10,0,1
37,2026-senate-ia,malecns,rewired,negation,0.510681,0.093245,0.021362,0.071883,10,0,1
34,2026-senate-ia,malecns,rewired,original,0.514847,0.101577,0.029694,0.071883,10,0,1
39,2026-senate-ia,malecns,rewired,paraphrase,0.515116,0.102116,0.030233,0.071883,10,0,1
402,2026-senate-me,n/a,coin,original,0.0,,,,1,0,
38,2026-senate-me,malecns,er,negation,0.535119,0.407556,-0.070239,0.477795,10,0,0
35,2026-senate-me,malecns,er,original,0.531887,0.414021,-0.063774,0.477795,10,0,0
41,2026-senate-me,malecns,er,paraphrase,0.539864,0.398067,-0.079728,0.477795,10,0,0
314,2026-senate-me,malecns,no_brain,negation,0.49944,0.006387,0.001121,0.005267,1,0,0
313,2026-senate-me,malecns,no_brain,original,0.499363,0.00654,0.001273,0.005267,1,0,0
315,2026-senate-me,malecns,no_brain,paraphrase,0.50042,0.004427,-0.00084,0.005267,1,0,0
71,2026-senate-me,malecns,real,negation,0.49991,-0.095021,0.000179,-0.0952,10,0,0
67,2026-senate-me,malecns,real,original,0.500885,-0.096969,-0.001769,-0.0952,10,0,0
75,2026-senate-me,malecns,real,paraphrase,0.499687,-0.094575,0.000625,-0.0952,10,0,0
45,2026-senate-me,malecns,rewired,negation,0.487889,0.096104,0.024221,0.071883,10,0,0
42,2026-senate-me,malecns,rewired,original,0.490639,0.090604,0.018722,0.071883,10,0,0
48,2026-senate-me,malecns,rewired,paraphrase,0.485465,0.100952,0.029069,0.071883,10,0,0
403,2026-senate-mi,n/a,coin,original,1.0,,,,1,0,
47,2026-senate-mi,malecns,er,negation,0.477011,0.431816,-0.045979,0.477795,10,0,1
44,2026-senate-mi,malecns,er,original,0.476744,0.431282,-0.046513,0.477795,10,0,1
49,2026-senate-mi,malecns,er,paraphrase,0.485557,0.448909,-0.028886,0.477795,10,0,1
317,2026-senate-mi,malecns,no_brain,negation,0.497551,0.000368,-0.004898,0.005267,1,0,1
316,2026-senate-mi,malecns,no_brain,original,0.497076,-0.000581,-0.005848,0.005267,1,0,1
318,2026-senate-mi,malecns,no_brain,paraphrase,0.497516,0.000299,-0.004968,0.005267,1,0,1
81,2026-senate-mi,malecns,real,negation,0.493203,-0.108794,-0.013594,-0.0952,10,0,1
78,2026-senate-mi,malecns,real,original,0.501684,-0.091832,0.003368,-0.0952,10,0,1
85,2026-senate-mi,malecns,real,paraphrase,0.498186,-0.098827,-0.003627,-0.0952,10,0,1
54,2026-senate-mi,malecns,rewired,negation,0.496639,0.065161,-0.006722,0.071883,10,0,1
51,2026-senate-mi,malecns,rewired,original,0.501598,0.075078,0.003196,0.071883,10,0,1
56,2026-senate-mi,malecns,rewired,paraphrase,0.502262,0.076406,0.004524,0.071883,10,0,1
405,2026-senate-nc,n/a,coin,original,1.0,,,,1,0,
63,2026-senate-nc,malecns,er,negation,0.445561,0.368917,-0.108877,0.477795,10,0,1
60,2026-senate-nc,malecns,er,original,0.453585,0.384965,-0.09283,0.477795,10,0,1
66,2026-senate-nc,malecns,er,paraphrase,0.441708,0.36121,-0.116584,0.477795,10,0,1
323,2026-senate-nc,malecns,no_brain,negation,0.498404,0.002074,-0.003192,0.005267,1,0,1
322,2026-senate-nc,malecns,no_brain,original,0.497086,-0.000562,-0.005829,0.005267,1,0,1
324,2026-senate-nc,malecns,no_brain,paraphrase,0.496593,-0.001548,-0.006815,0.005267,1,0,1
103,2026-senate-nc,malecns,real,negation,0.496643,-0.101914,-0.006714,-0.0952,10,0,1
99,2026-senate-nc,malecns,real,original,0.50154,-0.092119,0.003081,-0.0952,10,0,1
106,2026-senate-nc,malecns,real,paraphrase,0.500307,-0.094587,0.000613,-0.0952,10,0,1
70,2026-senate-nc,malecns,rewired,negation,0.511402,0.094687,0.022804,0.071883,10,0,1
68,2026-senate-nc,malecns,rewired,original,0.518859,0.109601,0.037718,0.071883,10,0,1
73,2026-senate-nc,malecns,rewired,paraphrase,0.519465,0.110814,0.038931,0.071883,10,0,1
404,2026-senate-nh,n/a,coin,original,1.0,,,,1,0,
55,2026-senate-nh,malecns,er,negation,0.487942,0.453679,-0.024116,0.477795,10,0,1
52,2026-senate-nh,malecns,er,original,0.499001,0.475798,-0.001997,0.477795,10,0,1
58,2026-senate-nh,malecns,er,paraphrase,0.476463,0.43072,-0.047075,0.477795,10,0,1
320,2026-senate-nh,malecns,no_brain,negation,0.498542,0.002351,-0.002915,0.005267,1,0,1
319,2026-senate-nh,malecns,no_brain,original,0.497953,0.001174,-0.004093,0.005267,1,0,1
321,2026-senate-nh,malecns,no_brain,paraphrase,0.497799,0.000866,-0.004401,0.005267,1,0,1
92,2026-senate-nh,malecns,real,negation,0.493395,-0.108409,-0.013209,-0.0952,10,0,1
89,2026-senate-nh,malecns,real,original,0.49298,-0.10924,-0.01404,-0.0952,10,0,1
96,2026-senate-nh,malecns,real,paraphrase,0.490534,-0.114132,-0.018932,-0.0952,10,0,1
62,2026-senate-nh,malecns,rewired,negation,0.504553,0.080989,0.009106,0.071883,10,0,1
59,2026-senate-nh,malecns,rewired,original,0.510758,0.0934,0.021517,0.071883,10,0,1
65,2026-senate-nh,malecns,rewired,paraphrase,0.510783,0.093449,0.021566,0.071883,10,0,1
406,2026-senate-oh,n/a,coin,original,1.0,,,,1,0,
72,2026-senate-oh,malecns,er,negation,0.534949,0.407897,-0.069898,0.477795,10,0,0
69,2026-senate-oh,malecns,er,original,0.543603,0.39059,-0.087205,0.477795,10,0,0
74,2026-senate-oh,malecns,er,paraphrase,0.542997,0.391801,-0.085994,0.477795,10,0,0
326,2026-senate-oh,malecns,no_brain,negation,0.498095,0.009077,0.003811,0.005267,1,0,0
325,2026-senate-oh,malecns,no_brain,original,0.499534,0.006198,0.000931,0.005267,1,0,0
327,2026-senate-oh,malecns,no_brain,paraphrase,0.499933,0.005401,0.000135,0.005267,1,0,0
112,2026-senate-oh,malecns,real,negation,0.505049,-0.105298,-0.010098,-0.0952,10,0,0
109,2026-senate-oh,malecns,real,original,0.499909,-0.095019,0.000181,-0.0952,10,0,0
115,2026-senate-oh,malecns,real,paraphrase,0.500437,-0.096073,-0.000874,-0.0952,10,0,0
80,2026-senate-oh,malecns,rewired,negation,0.500704,0.070475,-0.001408,0.071883,10,0,0
77,2026-senate-oh,malecns,rewired,original,0.492327,0.087228,0.015345,0.071883,10,0,0
83,2026-senate-oh,malecns,rewired,paraphrase,0.501557,0.068768,-0.003115,0.071883,10,0,0
409,2026-senate-ok,n/a,coin,original,1.0,,,,1,0,
95,2026-senate-ok,malecns,er,negation,0.548985,0.379825,-0.09797,0.477795,10,0,0
93,2026-senate-ok,malecns,er,original,0.570615,0.336566,-0.141229,0.477795,10,0,0
98,2026-senate-ok,malecns,er,paraphrase,0.569819,0.338156,-0.139639,0.477795,10,0,0
335,2026-senate-ok,malecns,no_brain,negation,0.497903,0.009461,0.004195,0.005267,1,0,0
334,2026-senate-ok,malecns,no_brain,original,0.498092,0.009084,0.003817,0.005267,1,0,0
336,2026-senate-ok,malecns,no_brain,paraphrase,0.498356,0.008554,0.003287,0.005267,1,0,0
139,2026-senate-ok,malecns,real,negation,0.501467,-0.098133,-0.002933,-0.0952,10,0,0
135,2026-senate-ok,malecns,real,original,0.500696,-0.096593,-0.001393,-0.0952,10,0,0
142,2026-senate-ok,malecns,real,paraphrase,0.498487,-0.092174,0.003026,-0.0952,10,0,0
105,2026-senate-ok,malecns,rewired,negation,0.497608,0.076667,0.004784,0.071883,10,0,0
102,2026-senate-ok,malecns,rewired,original,0.496543,0.078796,0.006913,0.071883,10,0,0
108,2026-senate-ok,malecns,rewired,paraphrase,0.498831,0.07422,0.002338,0.071883,10,0,0
410,2026-senate-sc,n/a,coin,original,0.0,,,,1,0,
104,2026-senate-sc,malecns,er,negation,0.419606,0.317008,-0.160787,0.477795,10,0,1
101,2026-senate-sc,malecns,er,original,0.409516,0.296826,-0.180969,0.477795,10,0,1
107,2026-senate-sc,malecns,er,paraphrase,0.418916,0.315628,-0.162167,0.477795,10,0,1
338,2026-senate-sc,malecns,no_brain,negation,0.496122,-0.00249,-0.007756,0.005267,1,0,1
337,2026-senate-sc,malecns,no_brain,original,0.495875,-0.002984,-0.008251,0.005267,1,0,1
339,2026-senate-sc,malecns,no_brain,paraphrase,0.496049,-0.002636,-0.007903,0.005267,1,0,1
148,2026-senate-sc,malecns,real,negation,0.504326,-0.086547,0.008652,-0.0952,10,0,1
145,2026-senate-sc,malecns,real,original,0.500597,-0.094006,0.001194,-0.0952,10,0,1
151,2026-senate-sc,malecns,real,paraphrase,0.499893,-0.095414,-0.000215,-0.0952,10,0,1
114,2026-senate-sc,malecns,rewired,negation,0.499814,0.07151,-0.000372,0.071883,10,0,1
111,2026-senate-sc,malecns,rewired,original,0.496768,0.065418,-0.006464,0.071883,10,0,1
117,2026-senate-sc,malecns,rewired,paraphrase,0.494949,0.06178,-0.010103,0.071883,10,0,1
407,2026-senate-tx,n/a,coin,original,0.0,,,,1,0,
79,2026-senate-tx,malecns,er,negation,0.598571,0.280653,-0.197142,0.477795,10,0,0
76,2026-senate-tx,malecns,er,original,0.618136,0.241522,-0.236273,0.477795,10,0,0
82,2026-senate-tx,malecns,er,paraphrase,0.619177,0.23944,-0.238355,0.477795,10,0,0
329,2026-senate-tx,malecns,no_brain,negation,0.500375,0.004516,-0.000751,0.005267,1,0,0
328,2026-senate-tx,malecns,no_brain,original,0.500976,0.003314,-0.001952,0.005267,1,0,0
330,2026-senate-tx,malecns,no_brain,paraphrase,0.501111,0.003044,-0.002222,0.005267,1,0,0
120,2026-senate-tx,malecns,real,negation,0.499556,-0.094312,0.000888,-0.0952,10,0,0
118,2026-senate-tx,malecns,real,original,0.502069,-0.099338,-0.004138,-0.0952,10,0,0
123,2026-senate-tx,malecns,real,paraphrase,0.503619,-0.102438,-0.007238,-0.0952,10,0,0
88,2026-senate-tx,malecns,rewired,negation,0.498437,0.075009,0.003126,0.071883,10,0,0
86,2026-senate-tx,malecns,rewired,original,0.487402,0.09708,0.025197,0.071883,10,0,0
91,2026-senate-tx,malecns,rewired,paraphrase,0.497266,0.077352,0.005469,0.071883,10,0,0
